purchase_id;product_id;purchase_date;unit_cost_USD;exchange_date;exchange_rate;unit_cost_BRL
1;60;2016-01-02;27202.05;;;
2;143;2016-01-06;1228.25;2016-01-06;4.0303;4950.22
3;130;2016-01-11;1293.13;2016-01-11;4.0153;5192.3
4;31;2016-01-15;2050.48;2016-01-15;4.0402;8284.35
5;105;2016-01-21;74.49;2016-01-21;4.1558;309.57
6;65;2016-01-27;6319.75;2016-01-27;4.0448;25562.12
7;68;2016-02-05;19121.65;2016-02-05;3.8975;74526.63
8;95;2016-02-09;21529.08;2016-02-05;3.8975;83909.59
9;73;2016-02-12;41323.15;2016-02-12;3.9891;164842.18
10;34;2016-02-12;1419.45;2016-02-12;3.9891;5662.33
11;91;2016-02-12;38934.89;2016-02-12;3.9891;155315.17
12;18;2016-02-15;6663.27;2016-02-15;3.9885;26576.45
13;76;2016-02-18;36971.92;2016-02-18;4.0091;148224.12
14;11;2016-02-18;9039.0;2016-02-18;4.0091;36238.25
15;21;2016-02-19;2157.43;2016-02-19;4.0492;8735.87
16;149;2016-02-19;287.41;2016-02-19;4.0492;1163.78
17;132;2016-02-22;394.57;2016-02-22;3.9618;1563.21
18;12;2016-03-02;689.26;2016-03-02;3.9116;2696.11
19;146;2016-03-05;139.54;2016-03-04;3.7188;518.92
20;50;2016-03-08;3445.47;2016-03-08;3.7813;13028.36
21;81;2016-03-10;37779.44;2016-03-10;3.67;138650.54
22;141;2016-03-17;1312.28;2016-03-17;3.6445;4782.6
23;149;2016-03-17;319.33;2016-03-17;3.6445;1163.8
24;19;2016-03-17;4509.55;2016-03-17;3.6445;16435.05
25;12;2016-03-21;752.61;2016-03-21;3.6229;2726.63
26;133;2016-03-28;519.96;2016-03-28;3.6408;1893.07
27;121;2016-03-29;1007.13;2016-03-29;3.6687;3694.86
28;47;2016-04-01;1516.33;2016-04-01;3.5799;5428.31
29;92;2016-04-03;23897.07;2016-04-01;3.5799;85549.12
30;107;2016-04-03;407.02;2016-04-01;3.5799;1457.09
31;4;2016-04-03;909.55;2016-04-01;3.5799;3256.1
32;20;2016-04-07;9494.81;2016-04-07;3.6921;35055.79
33;99;2016-04-08;33336.44;2016-04-08;3.6385;121294.64
34;16;2016-04-13;8470.76;2016-04-13;3.5429;30011.06
35;39;2016-04-19;8339.76;2016-04-19;3.5538;29637.84
36;117;2016-04-19;1154.74;2016-04-19;3.5538;4103.72
37;51;2016-04-20;18074.48;2016-04-20;3.5503;64169.83
38;19;2016-04-25;4633.27;2016-04-25;3.5472;16435.14
39;18;2016-04-27;7529.95;2016-04-27;3.5295;26576.96
40;99;2016-05-04;29327.86;2016-05-04;3.5397;103811.83
41;147;2016-05-13;864.87;2016-05-13;3.5041;3030.59
42;144;2016-05-13;631.98;2016-05-13;3.5041;2214.52
43;54;2016-05-16;34695.49;2016-05-16;3.5035;121555.65
44;81;2016-05-16;34870.68;2016-05-16;3.5035;122169.43
45;45;2016-05-17;2827.13;2016-05-17;3.5037;9905.42
46;119;2016-05-19;904.47;2016-05-19;3.6003;3256.36
47;50;2016-05-19;3132.48;2016-05-19;3.6003;11277.87
48;75;2016-05-23;9190.66;2016-05-23;3.566;32773.89
49;19;2016-05-25;4590.3;2016-05-25;3.5804;16435.11
50;105;2016-05-27;85.6;2016-05-27;3.6168;309.6
51;116;2016-05-31;716.52;2016-05-31;3.5951;2575.96
52;122;2016-06-04;359.92;2016-06-03;3.5409;1274.44
53;104;2016-06-04;1010.54;2016-06-03;3.5409;3578.22
54;46;2016-06-10;1542.77;2016-06-10;3.4261;5285.68
55;37;2016-06-13;1757.38;2016-06-13;3.4533;6068.76
56;127;2016-06-15;445.7;2016-06-15;3.4768;1549.61
57;101;2016-06-16;132.79;2016-06-16;3.4904;463.49
58;76;2016-06-21;43727.9;2016-06-21;3.3897;148224.46
59;49;2016-06-22;3915.41;2016-06-22;3.3883;13266.58
60;17;2016-06-23;4187.31;2016-06-23;3.3533;14041.31
61;95;2016-06-27;20575.35;2016-06-27;3.3934;69820.39
62;81;2016-06-28;36724.24;2016-06-28;3.3267;122170.53
63;84;2016-07-03;11515.83;2016-07-01;3.2298;37193.83
64;77;2016-07-06;12868.73;2016-07-06;3.3242;42778.23
65;11;2016-07-10;11277.36;2016-07-08;3.2968;37179.2
66;56;2016-07-12;12685.17;2016-07-12;3.275;41543.93
67;65;2016-07-12;7541.59;2016-07-12;3.275;24698.71
68;105;2016-07-19;94.39;2016-07-19;3.2801;309.61
69;36;2016-07-20;6952.99;2016-07-20;3.2512;22605.56
70;81;2016-07-22;37185.97;2016-07-22;3.2854;122170.79
71;85;2016-07-28;11785.51;2016-07-28;3.274;38585.76
72;32;2016-08-01;3106.66;2016-08-01;3.2662;10146.97
73;47;2016-08-01;1521.46;2016-08-01;3.2662;4969.39
74;27;2016-08-07;5009.24;2016-08-05;3.1859;15958.94
75;145;2016-08-07;1319.66;2016-08-05;3.1859;4204.3
76;137;2016-08-12;995.67;2016-08-12;3.1602;3146.52
77;74;2016-08-15;27334.86;2016-08-15;3.1672;86574.97
78;69;2016-08-16;14259.84;2016-08-16;3.1749;45273.57
79;81;2016-08-17;37884.9;2016-08-17;3.2248;122171.23
80;115;2016-08-22;258.29;2016-08-22;3.2163;830.74
81;127;2016-08-29;475.16;2016-08-29;3.2613;1549.64
82;17;2016-09-11;4352.84;2016-09-09;3.2638;14206.8
83;23;2016-09-16;3387.67;2016-09-16;3.3004;11180.67
84;87;2016-09-23;20740.76;2016-09-23;3.2242;66872.36
85;81;2016-09-27;37756.09;2016-09-27;3.2358;122171.16
86;135;2016-09-30;506.69;2016-09-30;3.2462;1644.82
87;5;2016-10-02;6006.45;2016-09-30;3.2462;19498.14
88;105;2016-10-03;84.36;2016-10-03;3.2338;272.8
89;129;2016-10-05;939.48;2016-10-05;3.2359;3040.06
90;31;2016-10-06;2418.07;2016-10-06;3.231;7812.78
91;1;2016-10-08;10583.63;2016-10-07;3.2134;34009.44
92;14;2016-10-11;10819.71;2016-10-11;3.2136;34770.22
93;135;2016-10-13;512.61;2016-10-13;3.2087;1644.81
94;11;2016-10-14;11372.94;2016-10-14;3.1864;36238.74
95;23;2016-10-25;3584.39;2016-10-25;3.1193;11180.79
96;135;2016-10-25;527.31;2016-10-25;3.1193;1644.84
97;7;2016-10-26;6253.41;2016-10-26;3.1219;19522.52
98;76;2016-10-26;47479.65;2016-10-26;3.1219;148226.72
99;141;2016-11-03;1318.57;2016-11-03;3.231;4260.3
100;139;2016-11-10;443.47;2016-11-10;3.3104;1468.06
101;141;2016-11-11;1391.23;2016-11-11;3.4377;4782.63
102;19;2016-11-11;4780.88;2016-11-11;3.4377;16435.23
103;46;2016-11-14;1447.09;2016-11-14;3.4446;4984.65
104;101;2016-11-17;136.11;2016-11-17;3.4052;463.48
105;4;2016-11-22;1010.42;2016-11-22;3.3476;3382.48
106;114;2016-11-22;238.81;2016-11-22;3.3476;799.44
107;77;2016-11-22;13356.64;2016-11-22;3.3476;44712.69
108;146;2016-11-24;145.96;2016-11-24;3.3987;496.07
109;47;2016-11-25;1786.53;2016-11-25;3.4279;6124.05
110;129;2016-11-29;959.13;2016-11-29;3.406;3266.8
111;79;2016-12-02;16584.81;2016-12-02;3.465;57466.37
112;18;2016-12-04;7506.34;2016-12-02;3.465;26009.47
113;3;2016-12-04;2549.21;2016-12-02;3.465;8833.01
114;137;2016-12-12;1004.86;2016-12-12;3.3697;3386.08
115;64;2016-12-15;32966.4;2016-12-15;3.383;111525.33
116;16;2016-12-19;8884.87;2016-12-19;3.3778;30011.31
117;46;2016-12-20;1484.15;2016-12-20;3.3586;4984.67
118;76;2016-12-21;44516.0;2016-12-21;3.3297;148224.93
119;78;2016-12-22;36569.43;2016-12-22;3.3302;121783.52
120;46;2016-12-26;1524.32;2016-12-26;3.2701;4984.68
121;100;2017-01-08;33575.22;2017-01-06;3.2057;107632.08
122;69;2017-01-08;14529.44;2017-01-06;3.2057;46577.03
123;64;2017-01-13;34815.02;2017-01-13;3.2034;111526.44
124;5;2017-01-17;7374.9;2017-01-17;3.21;23673.43
125;113;2017-01-18;1364.68;2017-01-18;3.2211;4395.77
126;64;2017-01-19;34729.36;2017-01-19;3.2113;111526.39
127;90;2017-01-25;24968.38;2017-01-25;3.169;79124.8
128;48;2017-02-13;4727.89;2017-02-13;3.1175;14739.2
129;63;2017-02-16;45881.74;2017-02-16;3.051;139985.19
130;76;2017-02-16;48583.21;2017-02-16;3.051;148227.37
131;51;2017-02-21;20720.51;2017-02-21;3.097;64171.42
132;40;2017-02-22;4602.52;2017-02-22;3.0824;14186.81
133;122;2017-02-24;426.78;2017-02-24;3.0993;1322.72
134;48;2017-03-02;4717.9;2017-03-02;3.1138;14690.6
135;147;2017-03-05;962.45;2017-03-03;3.1364;3018.63
136;120;2017-03-05;992.44;2017-03-03;3.1364;3112.69
137;113;2017-03-11;1335.29;2017-03-10;3.1623;4222.59
138;144;2017-03-15;700.17;2017-03-15;3.1629;2214.57
139;99;2017-03-17;34525.3;2017-03-17;3.1075;107287.37
140;13;2017-03-22;2504.48;2017-03-22;3.0939;7748.61
141;44;2017-03-24;3455.31;2017-03-24;3.1282;10808.9
142;51;2017-03-28;20500.04;2017-03-28;3.1303;64171.28
143;18;2017-04-04;8509.99;2017-04-04;3.1231;26577.55
144;142;2017-04-07;250.09;2017-04-07;3.1302;782.83
145;90;2017-04-08;25337.09;2017-04-07;3.1302;79310.16
146;19;2017-04-09;5236.07;2017-04-07;3.1302;16389.95
147;21;2017-04-09;2783.21;2017-04-07;3.1302;8712.0
148;87;2017-04-10;21354.85;2017-04-10;3.1409;67073.45
149;68;2017-04-12;20583.72;2017-04-12;3.1463;64762.56
150;106;2017-04-18;1416.67;2017-04-18;3.0958;4385.73
151;29;2017-04-18;11795.79;2017-04-18;3.0958;36517.41
152;4;2017-04-19;1080.89;2017-04-19;3.1294;3382.54
153;117;2017-04-20;1304.74;2017-04-20;3.1453;4103.8
154;14;2017-05-05;11276.24;2017-05-05;3.1764;35817.85
155;92;2017-05-16;28738.63;2017-05-16;3.0924;88871.34
156;94;2017-05-16;13180.3;2017-05-16;3.0924;40758.76
157;72;2017-05-19;30319.01;2017-05-19;3.2878;99682.84
158;98;2017-05-24;24326.74;2017-05-24;3.2629;79375.72
159;63;2017-05-30;42862.12;2017-05-30;3.2659;139983.4
160;104;2017-05-31;1144.9;2017-05-31;3.2437;3713.71
161;141;2017-06-02;1533.96;2017-06-02;3.2401;4970.18
162;42;2017-06-06;1826.47;2017-06-06;3.2817;5993.93
163;148;2017-06-06;1458.52;2017-06-06;3.2817;4786.43
164;41;2017-06-12;3276.86;2017-06-12;3.2986;10809.05
165;111;2017-06-13;1290.65;2017-06-13;3.3208;4285.99
166;26;2017-06-14;5264.45;2017-06-14;3.2836;17286.35
167;81;2017-06-16;37143.01;2017-06-16;3.2892;122170.79
168;7;2017-06-21;5871.9;2017-06-21;3.3247;19522.31
169;44;2017-06-21;3251.06;2017-06-21;3.3247;10808.8
170;15;2017-06-23;8369.26;2017-06-23;3.3342;27904.79
171;45;2017-06-23;2970.88;2017-06-23;3.3342;9905.51
172;27;2017-06-26;4985.04;2017-06-26;3.3128;16514.44
173;133;2017-06-27;570.68;2017-06-27;3.3172;1893.06
174;119;2017-06-28;985.9;2017-06-28;3.303;3256.43
175;51;2017-07-02;20499.39;2017-06-30;3.3082;67816.08
176;26;2017-07-14;5419.11;2017-07-14;3.1899;17286.42
177;100;2017-07-14;32797.24;2017-07-14;3.1899;104619.92
178;77;2017-07-25;14169.47;2017-07-25;3.1556;44713.18
179;107;2017-07-31;483.49;2017-07-31;3.1307;1513.66
180;143;2017-08-05;1389.34;2017-08-04;3.1224;4338.08
181;98;2017-08-14;24892.14;2017-08-14;3.1888;79376.06
182;142;2017-08-17;261.55;2017-08-17;3.1603;826.58
183;17;2017-08-24;4471.23;2017-08-24;3.1404;14041.45
184;101;2017-08-25;147.32;2017-08-25;3.1462;463.5
185;149;2017-08-25;369.92;2017-08-25;3.1462;1163.84
186;44;2017-08-29;3410.28;2017-08-29;3.1695;10808.88
187;77;2017-09-01;13930.59;2017-09-01;3.1333;43648.72
188;51;2017-09-05;20143.48;2017-09-05;3.1203;62853.7
189;44;2017-09-18;3460.07;2017-09-18;3.1239;10808.91
190;12;2017-09-22;871.57;2017-09-22;3.1285;2726.71
191;59;2017-09-25;27754.61;2017-09-25;3.1412;87182.78
192;19;2017-09-28;5156.86;2017-09-28;3.1871;16435.43
193;54;2017-09-28;38140.54;2017-09-28;3.1871;121557.72
194;137;2017-10-01;1060.88;2017-09-29;3.168;3360.87
195;42;2017-10-04;1908.37;2017-10-04;3.1315;5976.06
196;118;2017-10-07;1321.87;2017-10-06;3.1648;4183.45
197;73;2017-10-08;45394.28;2017-10-06;3.1648;143663.82
198;87;2017-10-13;21180.31;2017-10-13;3.1572;66870.47
199;102;2017-10-13;263.57;2017-10-13;3.1572;832.14
200;99;2017-10-16;33944.07;2017-10-16;3.1607;107287.02
201;90;2017-10-19;24930.6;2017-10-19;3.1732;79109.78
202;134;2017-10-20;1482.27;2017-10-20;3.1833;4718.51
203;129;2017-10-23;1020.79;2017-10-23;3.2003;3266.83
204;136;2017-10-23;616.78;2017-10-23;3.2003;1973.88
205;77;2017-10-23;13971.52;2017-10-23;3.2003;44713.06
206;36;2017-10-24;6961.99;2017-10-24;3.247;22605.58
207;50;2017-10-24;3473.38;2017-10-24;3.247;11278.06
208;123;2017-10-25;857.62;2017-10-25;3.2387;2777.57
209;44;2017-10-25;3337.4;2017-10-25;3.2387;10808.84
210;47;2017-10-27;1867.04;2017-10-27;3.2801;6124.08
211;99;2017-10-27;32708.24;2017-10-27;3.2801;107286.3
212;141;2017-10-30;1469.47;2017-10-30;3.2547;4782.68
213;59;2017-10-31;26605.05;2017-10-31;3.2769;87182.09
214;140;2017-11-05;993.43;2017-11-03;3.292;3270.37
215;137;2017-11-12;1030.93;2017-11-10;3.2661;3367.12
216;95;2017-11-14;21264.79;2017-11-14;3.2834;69820.81
217;58;2017-11-16;33176.21;2017-11-16;3.2808;108844.51
218;57;2017-11-17;36236.52;2017-11-17;3.2788;118812.3
219;82;2017-11-20;15834.78;2017-11-20;3.2623;51657.8
220;2;2017-11-23;4325.09;2017-11-23;3.2371;14000.75
221;136;2017-11-27;612.66;2017-11-27;3.2218;1973.87
222;109;2017-12-01;196.71;2017-12-01;3.2636;641.98
223;113;2017-12-01;1388.39;2017-12-01;3.2636;4531.15
224;99;2017-12-05;34288.03;2017-12-05;3.2322;110825.77
225;67;2017-12-05;27422.66;2017-12-05;3.2322;88635.52
226;82;2017-12-06;15656.17;2017-12-06;3.2354;50653.97
227;129;2017-12-14;980.08;2017-12-14;3.3332;3266.8
228;93;2017-12-14;30149.74;2017-12-14;3.3332;100495.11
229;92;2017-12-18;27027.86;2017-12-18;3.2881;88870.31
230;133;2017-12-21;572.87;2017-12-21;3.3045;1893.05
231;25;2018-01-10;3011.51;2018-01-10;3.2467;9777.47
232;136;2018-01-11;533.84;2018-01-11;3.2301;1724.36
233;148;2018-01-15;1497.5;2018-01-15;3.1963;4786.46
234;38;2018-01-16;8214.43;2018-01-16;3.2219;26466.07
235;136;2018-01-19;615.16;2018-01-19;3.2087;1973.86
236;71;2018-01-24;40725.21;2018-01-24;3.197;130198.5
237;137;2018-01-29;1069.73;2018-01-29;3.1655;3386.23
238;135;2018-01-29;519.63;2018-01-29;3.1655;1644.89
239;18;2018-02-01;8128.37;2018-02-01;3.173;25791.32
240;146;2018-02-01;151.72;2018-02-01;3.173;481.41
241;57;2018-02-03;36429.89;2018-02-02;3.206;116794.23
242;101;2018-02-08;123.12;2018-02-08;3.2692;402.5
243;40;2018-02-08;3768.44;2018-02-08;3.2692;12319.78
244;53;2018-02-14;16499.65;2018-02-14;3.2536;53683.26
245;137;2018-02-19;1046.8;2018-02-19;3.2347;3386.08
246;146;2018-02-19;153.36;2018-02-19;3.2347;496.07
247;16;2018-02-19;9278.0;2018-02-19;3.2347;30011.55
248;148;2018-02-19;1479.72;2018-02-19;3.2347;4786.45
249;17;2018-02-22;4307.43;2018-02-22;3.2598;14041.36
250;121;2018-02-22;1133.49;2018-02-22;3.2598;3694.95
251;132;2018-02-27;482.74;2018-02-27;3.2383;1563.26
252;92;2018-03-07;22833.45;2018-03-07;3.2318;73793.14
253;48;2018-03-12;3849.72;2018-03-12;3.2606;12552.4
254;18;2018-03-14;8156.56;2018-03-14;3.2584;26577.34
255;92;2018-03-16;27008.15;2018-03-16;3.2905;88870.32
256;63;2018-03-21;42520.94;2018-03-21;3.2921;139983.19
257;107;2018-03-26;458.21;2018-03-26;3.3034;1513.65
258;38;2018-03-29;7962.55;2018-03-29;3.3238;26465.92
259;101;2018-04-05;131.27;2018-04-05;3.3196;435.76
260;34;2018-04-05;1392.99;2018-04-05;3.3196;4624.17
261;66;2018-04-10;3220.11;2018-04-10;3.4195;11011.17
262;128;2018-04-10;1191.24;2018-04-10;3.4195;4073.45
263;124;2018-04-17;1107.66;2018-04-17;3.4041;3770.59
264;144;2018-04-17;650.55;2018-04-17;3.4041;2214.54
265;143;2018-04-19;1305.95;2018-04-19;3.3977;4437.23
266;26;2018-04-23;5021.99;2018-04-23;3.4421;17286.19
267;11;2018-04-23;10527.94;2018-04-23;3.4421;36238.22
268;95;2018-04-24;20140.23;2018-04-24;3.4667;69820.14
269;86;2018-04-25;26694.96;2018-04-25;3.504;93539.14
270;21;2018-04-25;2493.17;2018-04-25;3.504;8736.07
271;122;2018-04-26;378.16;2018-04-26;3.4977;1322.69
272;115;2018-05-01;256.33;2018-04-30;3.4811;892.31
273;126;2018-05-02;827.56;2018-05-02;3.5424;2931.55
274;88;2018-05-07;12335.14;2018-05-07;3.5458;43737.94
275;135;2018-05-07;419.67;2018-05-07;3.5458;1488.07
276;123;2018-05-10;717.72;2018-05-10;3.5566;2552.64
277;79;2018-05-11;17857.26;2018-05-11;3.5716;63778.99
278;51;2018-05-15;17459.65;2018-05-15;3.6753;64169.45
279;30;2018-05-15;8775.65;2018-05-15;3.6753;32253.15
280;109;2018-05-16;169.23;2018-05-16;3.6803;622.82
281;10;2018-05-29;8591.86;2018-05-29;3.7289;32038.19
282;51;2018-05-29;17208.64;2018-05-29;3.7289;64169.3
283;24;2018-05-30;6217.8;2018-05-30;3.737;23235.92
284;120;2018-05-30;836.23;2018-05-30;3.737;3124.99
285;43;2018-06-02;10763.6;2018-06-01;3.7413;40269.86
286;17;2018-06-08;3773.05;2018-06-08;3.7859;14284.39
287;98;2018-06-09;19144.38;2018-06-08;3.7859;72478.71
288;16;2018-06-09;7238.38;2018-06-08;3.7859;27403.78
289;61;2018-06-12;7152.72;2018-06-12;3.7044;26496.54
290;107;2018-06-15;401.09;2018-06-15;3.7738;1513.63
291;142;2018-06-15;219.02;2018-06-15;3.7738;826.54
292;1;2018-06-15;8778.36;2018-06-15;3.7738;33127.77
293;28;2018-06-18;3798.53;2018-06-18;3.7543;14260.82
294;46;2018-06-25;1320.06;2018-06-25;3.776;4984.55
295;113;2018-06-28;1141.1;2018-06-28;3.8521;4395.63
296;113;2018-06-29;1140.01;2018-06-29;3.8558;4395.65
297;27;2018-07-03;5110.01;2018-07-03;3.892;19888.16
298;137;2018-07-08;912.23;2018-07-06;3.9264;3581.78
299;51;2018-07-12;16468.76;2018-07-12;3.8564;63510.13
300;60;2018-07-20;28780.03;2018-07-20;3.7793;108768.37
301;3;2018-07-26;2423.45;2018-07-26;3.7243;9025.65
302;40;2018-07-26;3809.13;2018-07-26;3.7243;14186.34
303;129;2018-07-30;879.22;2018-07-30;3.7155;3266.74
304;13;2018-08-01;2394.7;2018-08-01;3.7491;8977.97
305;100;2018-08-01;32332.92;2018-08-01;3.7491;121219.35
306;96;2018-08-02;21605.84;2018-08-02;3.7645;81335.18
307;97;2018-08-03;41626.19;2018-08-03;3.7201;154853.59
308;148;2018-08-03;1471.94;2018-08-03;3.7201;5475.76
309;7;2018-08-05;5454.91;2018-08-03;3.7201;20292.81
310;45;2018-08-11;2649.11;2018-08-10;3.8472;10191.66
311;116;2018-08-13;660.69;2018-08-13;3.8988;2575.9
312;24;2018-08-14;5986.75;2018-08-14;3.8812;23235.77
313;23;2018-08-15;2856.94;2018-08-15;3.9134;11180.35
314;129;2018-08-16;841.72;2018-08-16;3.881;3266.72
315;62;2018-08-21;25640.75;2018-08-21;3.9873;102237.36
316;60;2018-08-22;26697.87;2018-08-22;4.074;108767.12
317;57;2018-08-24;29081.12;2018-08-24;4.0854;118808.01
318;112;2018-08-24;533.92;2018-08-24;4.0854;2181.28
319;126;2018-08-28;649.99;2018-08-28;4.1192;2677.44
320;72;2018-09-03;30675.48;2018-09-03;4.1279;126625.31
321;12;2018-09-10;729.22;2018-09-10;4.1007;2990.31
322;127;2018-09-11;413.16;2018-09-11;4.1641;1720.44
323;120;2018-09-14;746.18;2018-09-14;4.1879;3124.93
324;47;2018-09-18;1480.3;2018-09-18;4.1369;6123.85
325;12;2018-09-18;659.09;2018-09-18;4.1369;2726.59
326;33;2018-09-20;1638.35;2018-09-20;4.0997;6716.74
327;60;2018-09-21;26705.73;2018-09-21;4.0728;108767.1
328;1;2018-09-25;8023.87;2018-09-25;4.1286;33127.35
329;122;2018-09-26;326.02;2018-09-26;4.057;1322.66
330;143;2018-10-08;1153.34;2018-10-08;3.7588;4335.17
331;67;2018-10-08;22302.57;2018-10-08;3.7588;83830.9
332;118;2018-10-19;1163.95;2018-10-19;3.7079;4315.81
333;95;2018-10-24;18839.54;2018-10-24;3.706;69819.34
334;140;2018-10-26;853.04;2018-10-26;3.6753;3135.18
335;95;2018-10-26;18997.45;2018-10-26;3.6753;69821.33
336;73;2018-10-29;39370.75;2018-10-29;3.6368;143183.54
337;16;2018-10-31;8072.42;2018-10-31;3.7177;30010.84
338;83;2018-10-31;36265.87;2018-10-31;3.7177;134825.62
339;70;2018-11-10;9172.7;2018-11-09;3.7506;34403.13
340;73;2018-11-12;36701.09;2018-11-12;3.7478;137548.35
341;69;2018-11-13;11979.31;2018-11-13;3.7792;45272.21
342;144;2018-11-16;590.14;2018-11-16;3.7525;2214.5
343;52;2018-11-19;3649.85;2018-11-19;3.7553;13706.28
344;76;2018-11-19;39470.06;2018-11-19;3.7553;148221.92
345;4;2018-11-22;887.7;2018-11-22;3.8103;3382.4
346;150;2018-11-28;426.06;2018-11-28;3.8631;1645.91
347;73;2018-12-01;44470.65;2018-11-30;3.8633;171803.46
348;100;2018-12-04;30899.28;2018-12-04;3.8313;118384.41
349;73;2018-12-06;38652.18;2018-12-06;3.9178;151431.51
350;120;2018-12-07;810.34;2018-12-07;3.8964;3157.41
351;141;2018-12-13;1232.93;2018-12-13;3.879;4782.54
352;70;2018-12-18;8811.12;2018-12-18;3.8997;34360.72
353;74;2018-12-19;22250.99;2018-12-19;3.8907;86571.93
354;104;2018-12-21;960.31;2018-12-21;3.8671;3713.61
355;9;2018-12-26;10115.54;2018-12-26;3.9258;39711.59
356;137;2018-12-28;873.85;2018-12-28;3.8748;3385.99
357;149;2018-12-28;300.35;2018-12-28;3.8748;1163.8
358;23;2018-12-28;2885.4;2018-12-28;3.8748;11180.35
359;150;2018-12-28;424.77;2018-12-28;3.8748;1645.9
360;139;2018-12-31;367.79;2018-12-31;3.8748;1425.11
361;18;2019-01-07;6958.51;2019-01-07;3.7062;25789.63
362;149;2019-01-10;278.82;2019-01-10;3.6869;1027.98
363;21;2019-01-11;2195.72;2019-01-11;3.7141;8155.12
364;137;2019-01-15;913.93;2019-01-15;3.7049;3386.02
365;148;2019-01-21;1269.41;2019-01-21;3.7705;4786.31
366;83;2019-01-25;35839.7;2019-01-25;3.7626;134850.46
367;94;2019-01-30;10970.75;2019-01-30;3.7151;40757.43
368;12;2019-02-01;706.47;2019-02-01;3.6694;2592.32
369;98;2019-02-10;19104.75;2019-02-08;3.7184;71039.1
370;18;2019-02-10;6396.83;2019-02-08;3.7184;23785.97
371;53;2019-02-12;12702.64;2019-02-12;3.7296;47375.77
372;45;2019-02-14;2623.5;2019-02-14;3.7756;9905.29
373;86;2019-02-18;25066.5;2019-02-18;3.7316;93538.15
374;26;2019-02-18;4632.32;2019-02-18;3.7316;17285.97
375;13;2019-02-19;2082.55;2019-02-19;3.7206;7748.34
376;130;2019-02-19;1114.0;2019-02-19;3.7206;4144.75
377;150;2019-02-19;442.38;2019-02-19;3.7206;1645.92
378;68;2019-02-20;18034.48;2019-02-20;3.71;66907.92
379;22;2019-02-20;10635.91;2019-02-20;3.71;39459.23
380;24;2019-02-25;6231.98;2019-02-25;3.7285;23235.94
381;21;2019-02-26;2323.7;2019-02-26;3.7595;8735.95
382;67;2019-02-26;22822.91;2019-02-26;3.7595;85802.73
383;92;2019-03-04;23121.03;2019-03-01;3.7832;87471.48
384;88;2019-03-04;12577.8;2019-03-01;3.7832;47584.33
385;108;2019-03-04;870.56;2019-03-01;3.7832;3293.5
386;135;2019-03-04;427.92;2019-03-01;3.7832;1618.91
387;128;2019-03-07;1208.95;2019-03-07;3.8487;4652.89
388;121;2019-03-09;886.96;2019-03-08;3.8678;3430.58
389;79;2019-03-10;16131.02;2019-03-08;3.8678;62391.56
390;28;2019-03-12;3394.73;2019-03-12;3.8129;12943.77
391;53;2019-03-12;12779.16;2019-03-12;3.8129;48725.66
392;88;2019-03-15;12607.98;2019-03-15;3.8344;48344.04
393;135;2019-03-15;428.95;2019-03-15;3.8344;1644.77
394;1;2019-03-19;8772.78;2019-03-19;3.7762;33127.77
395;59;2019-03-20;23004.44;2019-03-20;3.7897;87179.93
396;148;2019-03-21;1260.65;2019-03-21;3.7967;4786.31
397;18;2019-03-25;6854.93;2019-03-25;3.877;26576.56
398;142;2019-03-27;209.84;2019-03-27;3.9389;826.54
399;142;2019-03-29;212.11;2019-03-29;3.8967;826.53
400;127;2019-04-01;411.83;2019-04-01;3.8682;1593.04
401;149;2019-04-01;309.3;2019-04-01;3.8682;1196.43
402;92;2019-04-04;22955.56;2019-04-04;3.8713;88867.86
403;108;2019-04-06;864.4;2019-04-05;3.8622;3338.49
404;141;2019-04-18;1214.76;2019-04-18;3.937;4782.51
405;51;2019-04-23;16271.62;2019-04-23;3.9436;64168.76
406;36;2019-04-25;5690.32;2019-04-25;3.9725;22604.8
407;86;2019-05-09;22892.6;2019-05-09;3.9673;90821.81
408;24;2019-05-14;5839.87;2019-05-14;3.9788;23235.67
409;97;2019-05-14;34019.17;2019-05-14;3.9788;135355.47
410;104;2019-05-15;927.68;2019-05-15;4.0031;3713.6
411;92;2019-05-15;22199.65;2019-05-15;4.0031;88867.42
412;112;2019-05-15;544.9;2019-05-15;4.0031;2181.29
413;47;2019-05-15;1529.78;2019-05-15;4.0031;6123.86
414;15;2019-05-17;6831.81;2019-05-17;4.0844;27903.84
415;45;2019-05-22;2462.26;2019-05-22;4.0228;9905.18
416;27;2019-05-29;4132.1;2019-05-29;3.9965;16513.94
417;143;2019-05-30;1117.09;2019-05-30;3.972;4437.08
418;126;2019-05-31;679.44;2019-05-31;3.9407;2677.47
419;144;2019-06-09;544.76;2019-06-07;3.8571;2101.19
420;126;2019-06-11;663.54;2019-06-11;3.8664;2565.51
421;8;2019-06-12;1193.04;2019-06-12;3.8437;4585.69
422;40;2019-06-13;3691.55;2019-06-13;3.8429;14186.26
423;124;2019-06-14;971.46;2019-06-14;3.8813;3770.53
424;92;2019-06-14;22896.41;2019-06-14;3.8813;88867.84
425;59;2019-06-14;22461.45;2019-06-14;3.8813;87179.63
426;87;2019-06-24;17489.77;2019-06-24;3.8234;66870.39
427;47;2019-06-24;1601.7;2019-06-24;3.8234;6123.94
428;89;2019-06-27;20363.92;2019-06-27;3.8642;78690.26
429;3;2019-06-27;2335.69;2019-06-27;3.8642;9025.57
430;87;2019-06-27;17305.08;2019-06-27;3.8642;66870.29
431;90;2019-07-08;19851.75;2019-07-08;3.8065;75565.69
432;47;2019-07-11;1496.29;2019-07-11;3.7533;5616.03
433;3;2019-07-17;2399.28;2019-07-17;3.7618;9025.61
434;131;2019-07-19;257.63;2019-07-19;3.7408;963.74
435;91;2019-07-24;35883.48;2019-07-24;3.7596;134907.53
436;59;2019-07-26;23099.55;2019-07-26;3.7741;87180.01
437;40;2019-07-30;3743.08;2019-07-30;3.79;14186.27
438;108;2019-07-31;888.76;2019-07-31;3.7649;3346.09
439;86;2019-08-03;24183.68;2019-08-02;3.8739;93685.16
440;137;2019-08-03;875.43;2019-08-02;3.8739;3391.33
441;93;2019-08-04;25995.29;2019-08-02;3.8739;100703.15
442;58;2019-08-05;27663.99;2019-08-05;3.9404;109007.19
443;86;2019-08-10;22887.56;2019-08-09;3.9362;90090.01
444;106;2019-08-13;1103.67;2019-08-13;3.9736;4385.54
445;84;2019-08-13;10929.75;2019-08-13;3.9736;43430.45
446;27;2019-08-21;4102.43;2019-08-21;4.0254;16513.92
447;15;2019-08-21;6931.96;2019-08-21;4.0254;27903.91
448;70;2019-08-26;8306.24;2019-08-26;4.1367;34360.42
449;17;2019-08-28;3378.52;2019-08-28;4.1559;14040.79
450;35;2019-08-28;2648.55;2019-08-28;4.1559;11007.11
451;28;2019-08-30;3445.84;2019-08-30;4.1385;14260.61
452;133;2019-09-01;512.58;2019-08-30;4.1385;2121.31
453;57;2019-09-01;32170.77;2019-08-30;4.1385;133138.73
454;23;2019-09-01;3027.39;2019-08-30;4.1385;12528.85
455;113;2019-09-18;1072.83;2019-09-18;4.0972;4395.6
456;80;2019-09-26;31166.06;2019-09-26;4.1469;129242.53
457;44;2019-09-26;2606.38;2019-09-26;4.1469;10808.4
458;47;2019-10-05;1547.3;2019-10-04;4.061;6283.59
459;21;2019-10-06;2252.1;2019-10-04;4.061;9145.78
460;92;2019-10-06;22909.99;2019-10-04;4.061;93037.47
461;17;2019-10-07;3724.7;2019-10-07;4.0688;15155.06
462;3;2019-10-14;2187.31;2019-10-14;4.1263;9025.5
463;11;2019-10-15;8734.37;2019-10-15;4.1488;36237.15
464;67;2019-10-15;20681.03;2019-10-15;4.1488;85801.46
465;113;2019-10-16;1053.75;2019-10-16;4.1714;4395.61
466;21;2019-10-29;2186.92;2019-10-29;3.9946;8735.87
467;50;2019-11-04;2936.99;2019-11-04;3.9922;11725.05
468;73;2019-11-06;37032.42;2019-11-06;4.0351;149429.52
469;28;2019-11-09;3509.8;2019-11-08;4.1365;14518.29
470;142;2019-11-13;197.89;2019-11-13;4.1767;826.53
471;106;2019-11-20;1043.35;2019-11-20;4.2037;4385.93
472;97;2019-11-21;32218.03;2019-11-21;4.2012;135354.39
473;95;2019-11-22;16690.11;2019-11-22;4.1832;69818.07
474;122;2019-11-29;313.13;2019-11-29;4.224;1322.66
475;54;2019-12-02;32591.8;2019-12-02;4.2261;137736.21
476;37;2019-12-06;1578.86;2019-12-06;4.1783;6596.95
477;53;2019-12-06;13966.59;2019-12-06;4.1783;58356.6
478;96;2019-12-07;18859.38;2019-12-06;4.1783;78800.15
479;76;2019-12-09;36603.0;2019-12-09;4.1503;151913.43
480;13;2019-12-12;1885.58;2019-12-12;4.1092;7748.23
481;88;2019-12-12;11764.71;2019-12-12;4.1092;48343.55
482;24;2019-12-16;5694.86;2019-12-16;4.0801;23235.6
483;127;2019-12-16;379.79;2019-12-16;4.0801;1549.58
484;101;2019-12-23;113.72;2019-12-23;4.0757;463.49
485;62;2019-12-24;25058.7;2019-12-24;4.0813;102272.07
486;138;2019-12-30;1037.95;2019-12-30;4.0307;4183.67
487;134;2019-12-31;1170.59;2019-12-31;4.0307;4718.3
488;132;2019-12-31;387.82;2019-12-31;4.0307;1563.19
489;129;2020-01-04;623.33;2020-01-03;4.0522;2525.86
490;11;2020-01-13;8772.22;2020-01-13;4.1309;36237.16
491;102;2020-01-15;199.93;2020-01-15;4.1622;832.15
492;1;2020-01-17;7918.18;2020-01-17;4.1837;33127.29
493;36;2020-01-17;5403.02;2020-01-17;4.1837;22604.61
494;15;2020-01-17;6669.64;2020-01-17;4.1837;27903.77
495;70;2020-01-20;8214.48;2020-01-20;4.1829;34360.35
496;133;2020-01-20;452.55;2020-01-20;4.1829;1892.97
497;126;2020-01-22;639.18;2020-01-22;4.1889;2677.46
498;20;2020-01-23;7401.92;2020-01-23;4.1662;30837.88
499;143;2020-01-24;1062.29;2020-01-24;4.1769;4437.08
500;28;2020-01-29;3394.33;2020-01-29;4.2013;14260.6
501;37;2020-02-03;1350.18;2020-02-03;4.2475;5734.89
502;28;2020-02-09;2653.5;2020-02-07;4.3076;11430.22
503;148;2020-02-09;890.59;2020-02-07;4.3076;3836.31
504;61;2020-02-13;6458.44;2020-02-13;4.3389;28022.53
505;35;2020-02-13;2536.83;2020-02-13;4.3389;11007.05
506;99;2020-02-13;24725.51;2020-02-13;4.3389;107281.52
507;145;2020-02-19;994.89;2020-02-19;4.3728;4350.45
508;35;2020-02-21;2505.93;2020-02-21;4.3924;11007.05
509;108;2020-02-26;754.3;2020-02-26;4.4359;3346.0
510;69;2020-03-04;8542.02;2020-03-04;4.5258;38659.47
511;133;2020-03-06;374.72;2020-03-06;4.6459;1740.91
512;32;2020-03-11;2197.69;2020-03-11;4.6738;10271.56
513;130;2020-03-17;820.79;2020-03-17;5.0496;4144.66
514;124;2020-03-24;743.47;2020-03-24;5.0713;3770.36
515;100;2020-03-25;20631.21;2020-03-25;5.0706;104612.61
516;86;2020-03-26;18703.13;2020-03-26;5.001;93534.35
517;104;2020-03-26;742.54;2020-03-26;5.001;3713.44
518;96;2020-03-30;13689.39;2020-03-30;5.1594;70629.04
519;116;2020-03-30;499.25;2020-03-30;5.1594;2575.83
520;84;2020-04-02;10247.52;2020-04-02;5.2651;53954.22
521;101;2020-04-09;87.7;2020-04-09;5.0779;445.33
522;71;2020-04-09;24634.58;2020-04-09;5.0779;125091.93
523;3;2020-04-12;1745.49;2020-04-09;5.0779;8863.42
524;116;2020-04-14;496.71;2020-04-14;5.1858;2575.84
525;121;2020-04-17;702.77;2020-04-17;5.2573;3694.67
526;21;2020-04-23;1603.82;2020-04-23;5.4467;8735.53
527;50;2020-04-24;1995.61;2020-04-24;5.651;11277.19
528;121;2020-04-29;680.53;2020-04-29;5.4291;3694.67
529;35;2020-04-29;2027.36;2020-04-29;5.4291;11006.74
530;71;2020-05-03;28175.59;2020-04-30;5.427;152908.93
531;142;2020-05-03;178.87;2020-04-30;5.427;970.73
532;129;2020-05-06;656.27;2020-05-06;5.6676;3719.48
533;143;2020-05-08;840.97;2020-05-08;5.7653;4848.44
534;68;2020-05-13;11335.42;2020-05-13;5.9022;66903.92
535;30;2020-05-19;5636.75;2020-05-19;5.7216;32251.23
536;101;2020-05-19;81.0;2020-05-19;5.7216;463.45
537;16;2020-05-20;5267.72;2020-05-20;5.6968;30009.15
538;9;2020-05-21;7088.62;2020-05-21;5.6019;39709.74
539;57;2020-05-26;22120.74;2020-05-26;5.3707;118803.86
540;71;2020-06-01;32103.69;2020-06-01;5.3639;172200.98
541;122;2020-06-01;326.15;2020-06-01;5.3639;1749.44
542;22;2020-06-05;6961.86;2020-06-05;4.9775;34652.66
543;99;2020-06-08;20077.99;2020-06-08;4.9331;99046.73
544;51;2020-06-08;12009.17;2020-06-08;4.9331;59242.44
545;1;2020-06-17;6310.01;2020-06-17;5.2499;33126.92
546;8;2020-06-19;932.31;2020-06-19;5.3466;4984.69
547;27;2020-06-25;3098.94;2020-06-25;5.3287;16513.32
548;125;2020-06-26;622.83;2020-06-26;5.4629;3402.46
549;137;2020-06-26;619.79;2020-06-26;5.4629;3385.85
550;149;2020-06-29;213.86;2020-06-29;5.4416;1163.74
551;103;2020-07-02;415.41;2020-07-02;5.3028;2202.84
552;12;2020-07-02;632.96;2020-07-02;5.3028;3356.46
553;40;2020-07-05;2430.48;2020-07-03;5.3374;12972.44
554;36;2020-07-17;4224.24;2020-07-17;5.351;22603.91
555;128;2020-07-20;867.2;2020-07-20;5.3635;4651.23
556;48;2020-07-21;2818.9;2020-07-21;5.2283;14738.05
557;45;2020-07-21;1894.47;2020-07-21;5.2283;9904.86
558;25;2020-07-22;2372.85;2020-07-22;5.1111;12127.87
559;6;2020-07-23;2288.92;2020-07-23;5.1647;11821.59
560;16;2020-07-27;5783.4;2020-07-27;5.1889;30009.48
561;75;2020-07-31;6298.34;2020-07-31;5.2033;32772.15
562;76;2020-08-01;36442.79;2020-07-31;5.2033;189622.77
563;39;2020-08-06;6007.67;2020-08-06;5.3431;32099.58
564;41;2020-08-10;1886.32;2020-08-10;5.3933;10173.49
565;114;2020-08-13;148.58;2020-08-13;5.3801;799.38
566;49;2020-08-14;2463.37;2020-08-14;5.3852;13265.74
567;28;2020-08-14;2648.03;2020-08-14;5.3852;14260.17
568;57;2020-08-14;22061.17;2020-08-14;5.3852;118803.81
569;110;2020-08-17;457.97;2020-08-17;5.4497;2495.8
570;140;2020-08-20;554.75;2020-08-20;5.651;3134.89
571;132;2020-08-20;276.61;2020-08-20;5.651;1563.12
572;38;2020-08-21;4720.31;2020-08-21;5.6064;26463.95
573;38;2020-08-25;4725.96;2020-08-25;5.5997;26463.96
574;33;2020-08-26;1206.27;2020-08-26;5.568;6716.51
575;126;2020-09-06;545.77;2020-09-04;5.2848;2884.29
576;105;2020-09-12;60.57;2020-09-11;5.2854;320.14
577;138;2020-09-17;795.45;2020-09-17;5.2593;4183.51
578;53;2020-09-17;10206.9;2020-09-17;5.2593;53681.15
579;150;2020-09-17;312.94;2020-09-17;5.2593;1645.85
580;103;2020-09-21;328.69;2020-09-21;5.444;1789.39
581;17;2020-09-22;2584.32;2020-09-22;5.4329;14040.35
582;128;2020-09-22;856.12;2020-09-22;5.4329;4651.21
583;122;2020-09-24;237.39;2020-09-24;5.5714;1322.59
584;46;2020-09-25;895.38;2020-09-25;5.5667;4984.31
585;14;2020-10-01;8790.37;2020-10-01;5.6441;49613.73
586;27;2020-10-06;3377.4;2020-10-06;5.5205;18644.94
587;108;2020-10-06;684.33;2020-10-06;5.5205;3777.84
588;48;2020-10-08;2732.65;2020-10-08;5.62;15357.49
589;33;2020-10-09;1268.8;2020-10-09;5.5393;7028.26
590;52;2020-10-09;2589.1;2020-10-09;5.5393;14341.8
591;9;2020-10-12;7808.97;2020-10-09;5.5393;43256.23
592;120;2020-10-13;559.4;2020-10-13;5.5859;3124.75
593;127;2020-10-14;278.31;2020-10-14;5.5675;1549.49
594;97;2020-10-15;24095.55;2020-10-15;5.6172;135349.52
595;39;2020-10-16;5270.87;2020-10-16;5.6226;29635.99
596;135;2020-10-21;293.66;2020-10-21;5.6006;1644.67
597;77;2020-10-22;8009.58;2020-10-22;5.582;44709.48
598;68;2020-10-27;11843.55;2020-10-27;5.6491;66905.4
599;126;2020-10-28;467.05;2020-10-28;5.7325;2677.36
600;147;2020-10-29;524.26;2020-10-29;5.7803;3030.38
601;87;2020-10-30;11585.09;2020-10-30;5.7718;66866.82
602;139;2020-10-30;246.89;2020-10-30;5.7718;1425.0
603;69;2020-11-03;9686.09;2020-11-03;5.6895;55109.01
604;138;2020-11-03;895.11;2020-11-03;5.6895;5092.73
605;107;2020-11-05;261.16;2020-11-05;5.5624;1452.68
606;115;2020-11-09;157.17;2020-11-09;5.2821;830.19
607;82;2020-11-09;9770.29;2020-11-09;5.2821;51607.65
608;120;2020-11-09;591.22;2020-11-09;5.2821;3122.88
609;46;2020-11-09;943.04;2020-11-09;5.2821;4981.23
610;125;2020-11-17;630.46;2020-11-17;5.3968;3402.47
611;45;2020-11-17;1835.31;2020-11-17;5.3968;9904.8
612;121;2020-11-18;698.01;2020-11-18;5.2932;3694.71
613;99;2020-11-25;20049.09;2020-11-25;5.3508;107278.67
614;15;2020-11-26;5244.81;2020-11-26;5.3201;27902.91
615;36;2020-11-26;4248.78;2020-11-26;5.3201;22603.93
616;11;2020-11-27;6773.84;2020-11-27;5.3494;36235.98
617;120;2020-11-27;584.15;2020-11-27;5.3494;3124.85
618;145;2020-11-30;815.94;2020-11-30;5.3317;4350.35
619;84;2020-12-02;10014.73;2020-12-02;5.2267;52343.99
620;132;2020-12-03;320.12;2020-12-03;5.1625;1652.62
621;76;2020-12-16;29029.45;2020-12-16;5.1057;148215.66
622;64;2020-12-17;22034.06;2020-12-17;5.0612;111518.78
623;51;2020-12-18;12585.13;2020-12-18;5.0986;64166.54
624;79;2020-12-23;12785.95;2020-12-23;5.174;66154.51
625;50;2020-12-23;2179.61;2020-12-23;5.174;11277.3
626;53;2020-12-24;10364.97;2020-12-24;5.18;53690.54
627;106;2020-12-28;837.06;2020-12-28;5.239;4385.36
628;40;2020-12-29;2731.06;2020-12-29;5.1942;14185.67
629;17;2020-12-30;2701.79;2020-12-30;5.1967;14040.39
630;122;2020-12-31;254.51;2020-12-31;5.1967;1322.61
631;113;2020-12-31;845.82;2020-12-31;5.1967;4395.47
632;48;2020-12-31;2836.04;2020-12-31;5.1967;14738.05
633;60;2021-01-02;19917.05;2020-12-31;5.1967;103502.93
634;130;2021-01-03;742.32;2020-12-31;5.1967;3857.61
635;87;2021-01-11;11794.37;2021-01-11;5.4966;64828.93
636;90;2021-01-12;14083.78;2021-01-12;5.4637;76949.55
637;6;2021-01-12;2104.66;2021-01-12;5.4637;11499.23
638;55;2021-01-19;20776.21;2021-01-19;5.2945;109999.64
639;27;2021-01-21;3105.99;2021-01-21;5.3166;16513.31
640;89;2021-01-25;14285.88;2021-01-25;5.5089;78699.48
641;122;2021-02-03;232.67;2021-02-03;5.3423;1242.99
642;32;2021-02-03;2199.67;2021-02-03;5.3423;11751.3
643;1;2021-02-07;6586.7;2021-02-05;5.3884;35491.77
644;99;2021-02-07;21330.89;2021-02-05;5.3884;114939.37
645;34;2021-02-08;957.22;2021-02-08;5.367;5137.4
646;97;2021-02-12;24021.56;2021-02-12;5.3815;129272.03
647;43;2021-02-17;6483.57;2021-02-17;5.4138;35100.75
648;5;2021-02-18;4364.4;2021-02-18;5.4238;23671.63
649;117;2021-02-18;756.57;2021-02-18;5.4238;4103.48
650;8;2021-02-18;919.04;2021-02-18;5.4238;4984.69
651;58;2021-02-19;20183.35;2021-02-19;5.3924;108836.7
652;140;2021-03-02;586.81;2021-03-02;5.6844;3335.66
653;37;2021-03-09;1174.12;2021-03-09;5.8397;6856.51
654;120;2021-03-12;553.73;2021-03-12;5.564;3080.95
655;51;2021-03-17;11340.92;2021-03-17;5.6579;64165.79
656;68;2021-03-18;12060.49;2021-03-18;5.5474;66904.36
657;36;2021-03-19;4103.67;2021-03-19;5.5082;22603.84
658;130;2021-03-22;749.89;2021-03-22;5.5269;4144.57
659;60;2021-03-24;19657.13;2021-03-24;5.533;108762.9
660;22;2021-04-02;7319.1;2021-04-01;5.6849;41608.35
661;46;2021-04-05;914.47;2021-04-05;5.6579;5173.98
662;20;2021-04-10;5689.04;2021-04-09;5.6445;32111.79
663;60;2021-04-15;19341.09;2021-04-15;5.6234;108762.69
664;143;2021-04-23;809.85;2021-04-23;5.4787;4436.93
665;127;2021-04-23;282.83;2021-04-23;5.4787;1549.54
666;97;2021-04-27;24869.54;2021-04-27;5.4424;135349.98
667;84;2021-04-28;8041.61;2021-04-28;5.4005;43428.71
668;103;2021-05-01;335.92;2021-04-30;5.4036;1815.18
669;66;2021-05-01;2360.29;2021-04-30;5.4036;12754.06
670;113;2021-05-02;815.72;2021-04-30;5.4036;4407.82
671;95;2021-05-07;13757.18;2021-05-07;5.2217;71835.87
672;89;2021-05-08;15289.46;2021-05-07;5.2217;79836.97
673;119;2021-05-08;632.7;2021-05-07;5.2217;3303.77
674;100;2021-05-13;19807.28;2021-05-13;5.2815;104612.15
675;34;2021-05-14;933.21;2021-05-14;5.2701;4918.11
676;11;2021-05-14;6875.78;2021-05-14;5.2701;36236.05
677;19;2021-05-25;3092.45;2021-05-25;5.3143;16434.21
678;24;2021-06-04;4129.65;2021-06-04;5.0666;20923.28
679;36;2021-06-05;4273.2;2021-06-04;5.0666;21650.6
680;8;2021-06-08;951.1;2021-06-08;5.0489;4802.01
681;54;2021-06-08;23191.9;2021-06-08;5.0489;117093.58
682;27;2021-06-18;3282.07;2021-06-18;5.0314;16513.41
683;81;2021-06-24;24791.15;2021-06-24;4.9277;122163.35
684;70;2021-07-04;6150.49;2021-07-02;5.0293;30932.66
685;49;2021-07-06;2627.0;2021-07-06;5.1645;13567.14
686;148;2021-07-12;848.43;2021-07-12;5.2239;4432.11
687;80;2021-07-14;25400.76;2021-07-14;5.088;129239.07
688;63;2021-07-15;27445.91;2021-07-15;5.1;139974.14
689;17;2021-07-15;2753.03;2021-07-15;5.1;14040.45
690;80;2021-07-16;25370.34;2021-07-16;5.0941;129239.05
691;37;2021-07-19;1167.5;2021-07-19;5.1978;6068.43
692;93;2021-07-20;19153.44;2021-07-20;5.2465;100488.52
693;149;2021-07-20;221.82;2021-07-20;5.2465;1163.78
694;88;2021-07-22;9300.49;2021-07-22;5.1978;48342.09
695;97;2021-07-27;26195.74;2021-07-27;5.1669;135350.77
696;63;2021-07-29;27618.14;2021-07-29;5.0682;139974.26
697;89;2021-07-30;15363.81;2021-07-30;5.1216;78687.29
698;92;2021-08-03;15496.82;2021-08-03;5.2464;81302.52
699;27;2021-08-06;3270.7;2021-08-06;5.241;17141.74
700;86;2021-08-13;17824.79;2021-08-13;5.2474;93533.8
701;105;2021-08-16;58.97;2021-08-16;5.2495;309.56
702;146;2021-08-19;91.55;2021-08-19;5.418;496.02
703;46;2021-08-20;918.36;2021-08-20;5.4274;4984.31
704;118;2021-08-24;814.0;2021-08-24;5.3017;4315.58
705;68;2021-08-24;12619.48;2021-08-24;5.3017;66904.7
706;143;2021-08-25;845.69;2021-08-25;5.2465;4436.91
707;110;2021-08-26;476.03;2021-08-26;5.2429;2495.78
708;90;2021-08-26;15088.29;2021-08-26;5.2429;79106.4
709;19;2021-08-30;3163.35;2021-08-30;5.1952;16434.24
710;121;2021-08-31;718.35;2021-08-31;5.1433;3694.69
711;64;2021-09-08;21131.28;2021-09-08;5.2524;110989.94
712;94;2021-09-09;7715.19;2021-09-09;5.2825;40755.49
713;51;2021-09-22;12156.62;2021-09-22;5.2783;64166.29
714;18;2021-09-24;4973.41;2021-09-24;5.3435;26575.42
715;59;2021-10-08;16694.98;2021-10-08;5.5084;91962.63
716;68;2021-10-09;12827.33;2021-10-08;5.5084;70658.06
717;87;2021-10-13;12054.65;2021-10-13;5.5471;66868.35
718;96;2021-10-13;12732.73;2021-10-13;5.5471;70629.73
719;101;2021-10-14;84.28;2021-10-14;5.4988;463.44
720;21;2021-10-18;1582.72;2021-10-18;5.5193;8735.51
721;103;2021-10-18;324.2;2021-10-18;5.5193;1789.36
722;79;2021-10-21;11724.63;2021-10-21;5.6423;66153.88
723;105;2021-10-22;54.2;2021-10-22;5.7117;309.57
724;13;2021-10-22;1356.5;2021-10-22;5.7117;7747.92
725;93;2021-10-27;18051.6;2021-10-27;5.5667;100487.84
726;131;2021-11-03;172.43;2021-11-03;5.6672;977.2
727;10;2021-11-16;5849.07;2021-11-16;5.4772;32036.53
728;112;2021-11-16;398.23;2021-11-16;5.4772;2181.19
729;93;2021-11-16;18346.6;2021-11-16;5.4772;100488.0
730;57;2021-11-22;21275.29;2021-11-22;5.5841;118803.35
731;118;2021-11-23;764.41;2021-11-23;5.6456;4315.55
732;147;2021-11-24;540.88;2021-11-24;5.6027;3030.39
733;36;2021-12-03;4062.51;2021-12-03;5.6432;22925.56
734;73;2021-12-04;25304.0;2021-12-03;5.6432;142795.53
735;73;2021-12-07;27407.95;2021-12-07;5.6411;154610.99
736;14;2021-12-08;6841.36;2021-12-08;5.5779;38160.42
737;10;2021-12-20;5615.0;2021-12-20;5.7055;32036.38
738;43;2021-12-28;6219.32;2021-12-28;5.6438;35100.6
739;68;2021-12-30;11988.94;2021-12-30;5.5805;66904.28
740;114;2022-01-13;144.69;2022-01-13;5.5246;799.35
741;23;2022-01-14;2019.88;2022-01-14;5.5349;11179.83
742;44;2022-01-17;1963.02;2022-01-17;5.5058;10808.0
743;18;2022-01-25;4834.43;2022-01-25;5.4971;26575.35
744;70;2022-01-25;6250.42;2022-01-25;5.4971;34359.18
745;146;2022-01-27;92.18;2022-01-27;5.3812;496.04
746;11;2022-01-27;6733.8;2022-01-27;5.3812;36235.92
747;107;2022-02-06;316.12;2022-02-04;5.3284;1684.41
748;40;2022-02-06;2962.85;2022-02-04;5.3284;15787.25
749;81;2022-02-08;23345.09;2022-02-08;5.2699;123026.29
750;98;2022-02-08;15167.54;2022-02-08;5.2699;79931.42
751;123;2022-02-09;535.37;2022-02-09;5.2735;2823.27
752;46;2022-02-12;959.01;2022-02-11;5.1987;4985.61
753;120;2022-02-14;599.71;2022-02-14;5.2106;3124.85
754;45;2022-02-14;1900.9;2022-02-14;5.2106;9904.83
755;62;2022-02-21;20047.06;2022-02-21;5.0997;102233.99
756;107;2022-02-21;296.79;2022-02-21;5.0997;1513.54
757;138;2022-02-22;826.61;2022-02-22;5.0611;4183.56
758;45;2022-03-02;1867.95;2022-03-02;5.1347;9591.36
759;113;2022-03-03;870.75;2022-03-03;5.0479;4395.46
760;5;2022-03-05;4718.61;2022-03-04;5.0758;23950.72
761;98;2022-03-10;15262.93;2022-03-10;5.0513;77097.64
762;26;2022-03-14;3412.88;2022-03-14;5.0647;17285.21
763;91;2022-03-16;26303.31;2022-03-16;5.1287;134901.79
764;116;2022-03-16;502.24;2022-03-16;5.1287;2575.84
765;141;2022-03-17;942.08;2022-03-17;5.0764;4782.37
766;147;2022-03-21;610.17;2022-03-21;4.9666;3030.47
767;92;2022-03-22;18059.04;2022-03-22;4.9208;88864.92
768;148;2022-03-25;1001.67;2022-03-25;4.7782;4786.18
769;29;2022-03-29;7689.63;2022-03-29;4.7486;36514.98
770;25;2022-04-03;2389.36;2022-04-01;4.6984;11226.17
771;146;2022-04-05;99.02;2022-04-05;4.64;459.45
772;71;2022-04-07;24546.32;2022-04-07;4.7422;116403.56
773;62;2022-04-07;19275.53;2022-04-07;4.7422;91408.42
774;76;2022-04-07;27945.06;2022-04-07;4.7422;132521.06
775;144;2022-04-08;422.52;2022-04-08;4.7513;2007.52
776;51;2022-04-08;12243.38;2022-04-08;4.7513;58171.97
777;61;2022-04-11;5564.33;2022-04-11;4.7025;26166.26
778;55;2022-04-14;23326.09;2022-04-14;4.7158;110001.18
779;88;2022-04-25;9902.58;2022-04-25;4.8818;48342.42
780;128;2022-04-26;936.51;2022-04-26;4.9666;4651.27
781;120;2022-04-27;622.89;2022-04-27;5.0167;3124.85
782;35;2022-05-05;2199.13;2022-05-05;5.0051;11006.87
783;9;2022-05-05;7933.96;2022-05-05;5.0051;39710.26
784;113;2022-05-07;815.5;2022-05-06;5.075;4138.66
785;134;2022-05-12;899.33;2022-05-12;5.1482;4629.93
786;1;2022-05-16;6538.2;2022-05-16;5.0666;33126.44
787;5;2022-05-24;4920.79;2022-05-24;4.8106;23671.95
788;32;2022-05-25;2585.66;2022-05-25;4.8359;12503.99
789;42;2022-05-27;1263.57;2022-05-27;4.7434;5993.62
790;128;2022-06-04;990.34;2022-06-03;4.7956;4749.27
791;78;2022-06-07;22417.67;2022-06-07;4.8909;109642.58
792;2;2022-06-07;2577.22;2022-06-07;4.8909;12604.93
793;133;2022-06-07;348.47;2022-06-07;4.8909;1704.33
794;64;2022-06-09;21352.22;2022-06-09;4.8951;104521.25
795;15;2022-06-12;5325.4;2022-06-10;4.9836;26539.66
796;65;2022-06-13;5008.66;2022-06-13;5.1033;25560.69
797;129;2022-06-14;637.97;2022-06-14;5.1203;3266.6
798;108;2022-06-14;653.47;2022-06-14;5.1203;3345.96
799;37;2022-06-15;1187.12;2022-06-15;5.1119;6068.44
800;67;2022-06-17;16720.73;2022-06-17;5.1313;85799.08
801;12;2022-06-20;527.97;2022-06-20;5.1641;2726.49
802;3;2022-06-21;1753.77;2022-06-21;5.1462;9025.25
803;145;2022-06-22;844.58;2022-06-22;5.1509;4350.35
804;80;2022-06-22;25090.55;2022-06-22;5.1509;129238.91
805;105;2022-06-24;59.15;2022-06-24;5.2334;309.56
806;135;2022-06-30;313.99;2022-06-30;5.238;1644.68
807;94;2022-07-01;7181.14;2022-07-01;5.3142;38162.01
808;75;2022-07-02;6193.58;2022-07-01;5.3142;32913.92
809;35;2022-07-04;2321.06;2022-07-04;5.3038;12310.44
810;127;2022-07-07;288.87;2022-07-07;5.364;1549.5
811;58;2022-07-13;20157.55;2022-07-13;5.3992;108834.64
812;64;2022-07-14;20436.49;2022-07-14;5.4568;111517.84
813;129;2022-07-14;598.62;2022-07-14;5.4568;3266.55
814;53;2022-07-19;9958.63;2022-07-19;5.3904;53681.0
815;88;2022-07-22;8866.48;2022-07-22;5.4522;48341.82
816;128;2022-07-22;853.09;2022-07-22;5.4522;4651.22
817;111;2022-07-28;821.82;2022-07-28;5.2149;4285.71
818;77;2022-07-29;8617.27;2022-07-29;5.1884;44709.84
819;138;2022-08-02;793.85;2022-08-02;5.2329;4154.14
820;70;2022-08-06;7053.78;2022-08-05;5.2165;36796.04
821;119;2022-08-12;625.1;2022-08-12;5.1023;3189.45
822;71;2022-08-15;25564.93;2022-08-15;5.0925;130189.41
823;93;2022-08-18;19409.47;2022-08-18;5.1773;100488.65
824;131;2022-08-19;185.47;2022-08-19;5.1961;963.72
825;22;2022-08-22;7630.67;2022-08-22;5.1709;39457.43
826;89;2022-08-22;15217.31;2022-08-22;5.1709;78687.19
827;147;2022-08-25;592.19;2022-08-25;5.1173;3030.41
828;35;2022-09-03;2197.24;2022-09-02;5.1878;11398.84
829;107;2022-09-08;295.48;2022-09-08;5.2155;1541.08
830;150;2022-09-08;321.31;2022-09-08;5.2155;1675.79
831;34;2022-09-08;960.12;2022-09-08;5.2155;5007.51
832;70;2022-09-11;6655.06;2022-09-09;5.1633;34362.07
833;142;2022-09-11;160.09;2022-09-09;5.1633;826.59
834;122;2022-09-13;255.36;2022-09-13;5.1794;1322.61
835;122;2022-09-14;255.46;2022-09-14;5.1774;1322.62
836;103;2022-09-19;341.7;2022-09-19;5.2367;1789.38
837;4;2022-09-21;654.31;2022-09-21;5.1692;3382.26
838;36;2022-09-26;4221.25;2022-09-26;5.3548;22603.95
839;37;2022-09-28;1132.29;2022-09-28;5.3594;6068.4
840;96;2022-09-30;13063.42;2022-09-30;5.4066;70628.69
841;36;2022-10-05;4398.53;2022-10-05;5.2144;22935.69
842;117;2022-10-06;823.4;2022-10-06;5.2009;4282.42
843;148;2022-10-11;901.95;2022-10-11;5.2068;4696.27
844;145;2022-10-13;820.56;2022-10-13;5.3017;4350.36
845;23;2022-10-13;2108.74;2022-10-13;5.3017;11179.91
846;78;2022-10-14;23053.04;2022-10-14;5.2824;121775.38
847;101;2022-10-18;87.95;2022-10-18;5.2697;463.47
848;38;2022-10-21;5097.21;2022-10-21;5.1919;26464.2
849;120;2022-10-26;586.85;2022-10-26;5.3248;3124.86
850;80;2022-10-28;24177.04;2022-10-28;5.3454;129235.95
851;135;2022-10-31;312.86;2022-10-31;5.257;1644.71
852;96;2022-11-04;15019.64;2022-11-04;5.036;75638.91
853;149;2022-11-07;217.62;2022-11-07;5.0886;1107.38
854;89;2022-11-11;14832.32;2022-11-11;5.3051;78686.94
855;95;2022-11-23;12945.63;2022-11-23;5.393;69815.78
856;71;2022-11-29;24528.75;2022-11-29;5.3076;130188.79
857;118;2022-12-07;797.41;2022-12-07;5.2208;4163.12
858;27;2022-12-07;3051.23;2022-12-07;5.2208;15929.86
859;120;2022-12-08;612.44;2022-12-08;5.2091;3190.26
860;92;2022-12-12;16745.97;2022-12-12;5.3066;88864.16
861;7;2022-12-12;3678.62;2022-12-12;5.3066;19520.96
862;57;2022-12-16;22497.79;2022-12-16;5.2806;118801.83
863;56;2022-12-19;8087.59;2022-12-19;5.316;42993.63
864;124;2022-12-20;719.16;2022-12-20;5.2427;3770.34
865;85;2022-12-23;7499.89;2022-12-23;5.1445;38583.18
866;40;2022-12-23;2757.45;2022-12-23;5.1445;14185.7
867;17;2022-12-26;2706.74;2022-12-26;5.1872;14040.4
868;21;2022-12-30;1674.22;2022-12-30;5.2177;8735.58
869;150;2023-01-06;326.88;2023-01-06;5.2855;1727.72
870;106;2023-01-08;918.37;2023-01-06;5.2855;4854.04
871;40;2023-01-08;2970.73;2023-01-06;5.2855;15701.79
872;62;2023-01-16;20000.78;2023-01-16;5.1115;102233.99
873;73;2023-01-20;27541.35;2023-01-20;5.1986;143176.46
874;61;2023-01-23;5396.92;2023-01-23;5.1922;28021.89
875;115;2023-01-24;160.69;2023-01-24;5.1696;830.7
876;135;2023-01-24;318.15;2023-01-24;5.1696;1644.71
877;16;2023-02-01;5615.94;2023-02-01;5.0721;28484.61
878;53;2023-02-01;10045.86;2023-02-01;5.0721;50953.61
879;77;2023-02-02;8959.75;2023-02-02;4.9901;44710.05
880;36;2023-02-06;4561.15;2023-02-06;5.1763;23609.88
881;96;2023-02-06;14251.86;2023-02-06;5.1763;73771.9
882;17;2023-02-06;2833.14;2023-02-06;5.1763;14665.18
883;122;2023-02-06;266.89;2023-02-06;5.1763;1381.5
884;34;2023-02-08;1022.84;2023-02-08;5.2036;5322.45
885;149;2023-02-14;225.94;2023-02-14;5.1507;1163.75
886;35;2023-02-15;2106.85;2023-02-15;5.2243;11006.82
887;114;2023-02-16;152.46;2023-02-16;5.2432;799.38
888;14;2023-02-17;6885.95;2023-02-17;5.2012;35815.2
889;124;2023-02-27;725.63;2023-02-27;5.196;3770.37
890;1;2023-02-28;6360.91;2023-02-28;5.2078;33126.35
891;148;2023-02-28;919.03;2023-02-28;5.2078;4786.12
892;62;2023-03-01;19016.98;2023-03-01;5.207;99021.41
893;105;2023-03-04;61.14;2023-03-03;5.2037;318.15
894;48;2023-03-08;3020.3;2023-03-08;5.1387;15520.42
895;28;2023-03-14;2723.39;2023-03-14;5.2362;14260.21
896;11;2023-03-15;6839.44;2023-03-15;5.2981;36236.04
897;125;2023-03-22;646.27;2023-03-22;5.2648;3402.48
898;45;2023-03-22;1881.33;2023-03-22;5.2648;9904.83
899;8;2023-03-23;947.09;2023-03-23;5.2632;4984.72
900;14;2023-03-24;6767.66;2023-03-24;5.2921;35815.13
901;127;2023-03-27;296.24;2023-03-27;5.2306;1549.51
902;94;2023-03-31;8022.13;2023-03-31;5.0804;40755.63
903;71;2023-04-04;25647.03;2023-04-04;5.0762;130189.45
904;119;2023-04-08;669.88;2023-04-06;5.0683;3395.15
905;30;2023-04-09;6558.44;2023-04-06;5.0683;33240.14
906;120;2023-04-09;635.45;2023-04-06;5.0683;3220.65
907;87;2023-04-09;13597.7;2023-04-06;5.0683;68917.22
908;105;2023-04-17;62.64;2023-04-17;4.9421;309.57
909;68;2023-04-18;13467.77;2023-04-18;4.9678;66905.19
910;68;2023-04-26;13226.26;2023-04-26;5.0585;66905.04
911;74;2023-05-04;17160.36;2023-05-04;5.0106;85983.7
912;141;2023-05-09;962.15;2023-05-09;5.0007;4811.42
913;10;2023-05-09;6445.41;2023-05-09;5.0007;32231.56
914;69;2023-05-15;9219.51;2023-05-15;4.9103;45270.56
915;10;2023-05-23;6449.43;2023-05-23;4.9674;32036.9
916;121;2023-05-24;746.8;2023-05-24;4.9474;3694.72
917;2;2023-05-24;2829.74;2023-05-24;4.9474;13999.86
918;143;2023-05-24;896.83;2023-05-24;4.9474;4436.98
919;46;2023-05-24;1007.47;2023-05-24;4.9474;4984.36
920;138;2023-05-25;836.88;2023-05-25;4.999;4183.56
921;127;2023-06-01;293.17;2023-06-01;5.035;1476.11
922;97;2023-06-01;25607.88;2023-06-01;5.035;128935.68
923;41;2023-06-01;2005.71;2023-06-01;5.035;10098.75
924;134;2023-06-09;948.15;2023-06-09;4.8922;4638.54
925;118;2023-06-11;880.76;2023-06-09;4.8922;4308.85
926;130;2023-06-15;859.48;2023-06-15;4.8222;4144.58
927;68;2023-06-21;13998.43;2023-06-21;4.7795;66905.5
928;36;2023-06-22;4733.87;2023-06-22;4.775;22604.23
929;96;2023-06-23;14776.4;2023-06-23;4.7799;70629.71
930;88;2023-06-28;9954.59;2023-06-28;4.8563;48342.48
931;10;2023-06-29;6594.15;2023-06-29;4.8584;32037.02
932;71;2023-06-30;27014.91;2023-06-30;4.8192;130190.25
933;88;2023-07-02;9351.41;2023-06-30;4.8192;45066.32
934;131;2023-07-06;196.2;2023-07-06;4.8977;960.93
935;101;2023-07-14;96.64;2023-07-14;4.7957;463.46
936;78;2023-07-18;25349.04;2023-07-18;4.804;121776.79
937;31;2023-07-18;1724.43;2023-07-18;4.804;8284.16
938;18;2023-07-19;5536.62;2023-07-19;4.8;26575.78
939;71;2023-07-26;27484.92;2023-07-26;4.7368;130190.57
940;53;2023-07-26;11332.93;2023-07-26;4.7368;53681.82
941;38;2023-07-27;5606.65;2023-07-27;4.7202;26464.51
942;50;2023-07-31;2378.45;2023-07-31;4.7415;11277.42
943;141;2023-08-08;971.69;2023-08-08;4.9217;4782.37
944;59;2023-08-09;17493.05;2023-08-09;4.9015;85742.18
945;141;2023-08-11;978.89;2023-08-11;4.8918;4788.53
946;90;2023-08-12;16092.39;2023-08-11;4.8918;78720.75
947;141;2023-08-12;972.86;2023-08-11;4.8918;4759.04
948;5;2023-08-15;4752.24;2023-08-15;4.9812;23671.86
949;46;2023-08-15;1000.64;2023-08-15;4.9812;4984.39
950;19;2023-08-28;3358.13;2023-08-28;4.8938;16434.02
951;38;2023-08-30;5439.42;2023-08-30;4.8653;26464.41
952;142;2023-08-30;169.88;2023-08-30;4.8653;826.52
953;15;2023-09-01;5267.98;2023-09-01;4.9318;25980.62
954;135;2023-09-03;320.27;2023-09-01;4.9318;1579.51
955;37;2023-09-03;1181.71;2023-09-01;4.9318;5827.96
956;11;2023-09-05;7246.24;2023-09-05;4.9705;36017.44
957;60;2023-09-08;22190.02;2023-09-08;4.9835;110583.96
958;91;2023-09-14;27671.77;2023-09-14;4.8751;134902.65
959;59;2023-09-14;17882.07;2023-09-14;4.8751;87176.88
960;122;2023-09-14;271.3;2023-09-14;4.8751;1322.61
961;31;2023-09-22;1686.13;2023-09-22;4.9131;8284.13
962;148;2023-09-28;948.22;2023-09-28;5.0475;4786.14
963;98;2023-09-29;15850.04;2023-09-29;5.0076;79370.66
964;112;2023-09-29;435.58;2023-09-29;5.0076;2181.21
965;8;2023-10-05;1006.07;2023-10-05;5.1713;5202.69
966;84;2023-10-08;8951.16;2023-10-06;5.1918;46472.63
967;1;2023-10-17;6574.8;2023-10-17;5.0384;33126.47
968;136;2023-10-20;390.62;2023-10-20;5.0528;1973.72
969;141;2023-10-26;955.42;2023-10-26;5.0055;4782.35
970;37;2023-10-30;1211.89;2023-10-30;5.0074;6068.42
971;52;2023-11-01;2634.69;2023-11-01;5.0194;13224.56
972;135;2023-11-04;328.1;2023-11-03;4.891;1604.74
973;84;2023-11-04;8663.64;2023-11-03;4.891;42373.86
974;122;2023-11-07;270.21;2023-11-07;4.867;1315.11
975;65;2023-11-08;5225.24;2023-11-08;4.8855;25527.91
976;36;2023-11-10;4476.41;2023-11-10;4.9219;22032.44
977;10;2023-11-13;6505.49;2023-11-13;4.9247;32037.59
978;107;2023-11-16;311.59;2023-11-16;4.8575;1513.55
979;108;2023-11-16;688.83;2023-11-16;4.8575;3345.99
980;148;2023-11-17;979.78;2023-11-17;4.8849;4786.13
981;28;2023-11-21;2921.84;2023-11-21;4.8806;14260.33
982;85;2023-11-23;7885.27;2023-11-23;4.8931;38583.41
983;10;2023-11-24;6547.91;2023-11-24;4.8927;32036.96
984;4;2023-11-28;692.14;2023-11-28;4.8867;3382.28
985;25;2023-11-29;2478.48;2023-11-29;4.8933;12127.95
986;32;2023-12-06;2560.62;2023-12-06;4.9031;12554.98
987;115;2023-12-12;167.9;2023-12-12;4.9476;830.7
988;121;2023-12-18;747.93;2023-12-18;4.9399;3694.7
989;60;2023-12-22;22370.78;2023-12-22;4.8619;108764.5
990;118;2023-12-27;893.4;2023-12-27;4.8306;4315.66
991;16;2023-12-27;6212.42;2023-12-27;4.8306;30009.72
992;133;2024-01-03;381.67;2024-01-03;4.9212;1878.27
993;109;2024-01-04;123.24;2024-01-04;4.9188;606.19
994;51;2024-01-10;11769.05;2024-01-10;4.8901;57551.83
995;41;2024-01-10;1944.42;2024-01-10;4.8901;9508.41
996;121;2024-01-10;677.66;2024-01-10;4.8901;3313.83
997;129;2024-01-17;661.98;2024-01-17;4.9346;3266.61
998;40;2024-01-19;2881.94;2024-01-19;4.9223;14185.77
999;90;2024-01-24;16081.27;2024-01-24;4.9192;79106.98
1000;150;2024-01-31;332.26;2024-01-31;4.9535;1645.85
1001;18;2024-02-04;5265.1;2024-02-02;4.9471;26046.98
1002;124;2024-02-07;665.23;2024-02-07;4.9608;3300.07
1003;1;2024-02-08;5774.5;2024-02-08;4.9804;28759.32
1004;110;2024-02-09;443.85;2024-02-09;4.9717;2206.69
1005;132;2024-02-15;314.46;2024-02-15;4.971;1563.18
1006;1;2024-02-16;6657.12;2024-02-16;4.9761;33126.49
1007;1;2024-02-22;6703.2;2024-02-22;4.9419;33126.54
1008;79;2024-02-27;13344.4;2024-02-27;4.9575;66154.86
1009;112;2024-03-04;430.01;2024-03-04;4.9475;2127.47
1010;14;2024-03-05;7068.63;2024-03-05;4.9488;34981.24
1011;105;2024-03-06;59.11;2024-03-06;4.9398;291.99
1012;101;2024-03-07;82.96;2024-03-07;4.9364;409.52
1013;31;2024-03-07;1482.91;2024-03-07;4.9364;7320.24
1014;4;2024-03-13;679.13;2024-03-13;4.9803;3382.27
1015;1;2024-03-15;6633.66;2024-03-15;4.9937;33126.51
1016;48;2024-03-15;2951.34;2024-03-15;4.9937;14738.11
1017;130;2024-03-18;826.87;2024-03-18;5.0124;4144.6
1018;48;2024-03-20;2940.57;2024-03-20;5.012;14738.14
1019;23;2024-03-21;2244.66;2024-03-21;4.9807;11179.98
1020;25;2024-03-22;2430.59;2024-03-22;4.9897;12127.91
1021;57;2024-03-22;23810.02;2024-03-22;4.9897;118804.86
1022;73;2024-03-22;28694.54;2024-03-22;4.9897;143177.15
1023;78;2024-03-27;24425.59;2024-03-27;4.9856;121776.22
1024;40;2024-04-03;2867.26;2024-04-03;5.0724;14543.89
1025;68;2024-04-04;13317.89;2024-04-04;5.0237;66905.08
1026;137;2024-04-04;673.98;2024-04-04;5.0237;3385.87
1027;93;2024-04-06;19072.72;2024-04-05;5.052;96355.38
1028;101;2024-04-06;87.96;2024-04-05;5.052;444.37
1029;47;2024-04-07;1116.66;2024-04-05;5.052;5641.37
1030;59;2024-04-09;15467.88;2024-04-09;5.008;77463.14
1031;150;2024-04-10;300.96;2024-04-10;5.0654;1524.48
1032;143;2024-04-11;766.33;2024-04-11;5.0765;3890.27
1033;6;2024-04-12;1951.33;2024-04-12;5.1364;10022.81
1034;86;2024-04-12;15439.23;2024-04-12;5.1364;79302.06
1035;145;2024-04-12;718.09;2024-04-12;5.1364;3688.4
1036;76;2024-04-15;28642.87;2024-04-15;5.1746;148215.4
1037;9;2024-04-16;7544.56;2024-04-16;5.2635;39710.79
1038;8;2024-04-16;947.05;2024-04-16;5.2635;4984.8
1039;69;2024-04-18;8620.92;2024-04-18;5.2512;45270.18
1040;34;2024-04-25;951.66;2024-04-25;5.1679;4918.08
1041;140;2024-04-26;612.49;2024-04-26;5.1184;3134.97
1042;21;2024-04-30;1689.08;2024-04-30;5.1718;8735.58
1043;44;2024-05-02;2159.34;2024-05-02;5.1184;11052.37
1044;103;2024-05-07;325.52;2024-05-07;5.061;1647.46
1045;146;2024-05-12;82.88;2024-05-10;5.1464;426.53
1046;28;2024-05-14;2776.74;2024-05-14;5.1356;14260.23
1047;84;2024-05-14;8456.45;2024-05-14;5.1356;43428.94
1048;26;2024-05-17;3378.85;2024-05-17;5.1157;17285.18
1049;65;2024-05-17;4996.52;2024-05-17;5.1157;25560.7
1050;32;2024-05-23;2430.64;2024-05-23;5.1443;12503.94
1051;14;2024-05-31;6832.87;2024-05-31;5.2416;35815.17
1052;55;2024-06-02;22138.68;2024-05-31;5.2416;116042.11
1053;53;2024-06-08;9496.3;2024-06-07;5.2802;50142.36
1054;99;2024-06-08;18977.86;2024-06-07;5.2802;100206.9
1055;113;2024-06-08;777.57;2024-06-07;5.2802;4105.73
1056;70;2024-06-11;5960.14;2024-06-11;5.3524;31901.05
1057;105;2024-06-13;57.36;2024-06-13;5.3974;309.59
1058;131;2024-06-14;179.69;2024-06-14;5.363;963.68
1059;148;2024-06-18;885.1;2024-06-18;5.4074;4786.09
1060;16;2024-06-19;5491.48;2024-06-19;5.4647;30009.29
1061;6;2024-06-21;2172.43;2024-06-21;5.4416;11821.5
1062;90;2024-06-25;14571.29;2024-06-25;5.429;79107.53
1063;130;2024-06-26;752.23;2024-06-26;5.5097;4144.56
1064;53;2024-06-28;9656.73;2024-06-28;5.5589;53680.8
1065;92;2024-06-28;15985.84;2024-06-28;5.5589;88863.69
1066;6;2024-07-03;2394.79;2024-07-03;5.5863;13378.02
1067;10;2024-07-10;5864.71;2024-07-10;5.3967;31650.08
1068;32;2024-07-10;2288.99;2024-07-10;5.3967;12352.99
1069;79;2024-07-18;11935.56;2024-07-18;5.5426;66154.03
1070;41;2024-07-22;1906.75;2024-07-22;5.5598;10601.15
1071;32;2024-07-23;2240.54;2024-07-23;5.5807;12503.78
1072;76;2024-07-24;26304.27;2024-07-24;5.6346;148214.04
1073;146;2024-07-29;87.83;2024-07-29;5.6479;496.06
1074;24;2024-07-29;4113.86;2024-07-29;5.6479;23234.67
1075;70;2024-07-29;6083.51;2024-07-29;5.6479;34359.06
1076;52;2024-07-29;2426.66;2024-07-29;5.6479;13705.53
1077;58;2024-07-30;19252.13;2024-07-30;5.6532;108836.14
1078;12;2024-07-31;481.53;2024-07-31;5.6621;2726.47
1079;88;2024-08-01;9896.1;2024-08-01;5.6681;56092.08
1080;59;2024-08-03;17522.59;2024-08-02;5.7366;100520.09
1081;26;2024-08-05;3396.78;2024-08-05;5.7646;19581.08
1082;66;2024-08-07;2297.7;2024-08-07;5.6093;12888.49
1083;92;2024-08-07;16239.74;2024-08-07;5.6093;91093.57
1084;131;2024-08-13;175.62;2024-08-13;5.4875;963.71
1085;38;2024-08-20;4851.61;2024-08-20;5.4547;26464.08
1086;73;2024-08-21;26171.36;2024-08-21;5.4707;143175.66
1087;9;2024-08-21;7258.64;2024-08-21;5.4707;39709.84
1088;76;2024-08-23;26819.81;2024-08-23;5.5263;148214.32
1089;58;2024-08-23;19694.26;2024-08-23;5.5263;108836.39
1090;61;2024-08-26;5102.18;2024-08-26;5.4921;28021.68
1091;60;2024-08-27;19786.24;2024-08-27;5.4969;108762.98
1092;75;2024-08-28;5924.6;2024-08-28;5.5315;32771.92
1093;71;2024-08-29;23100.17;2024-08-29;5.6358;130187.94
1094;150;2024-08-29;292.03;2024-08-29;5.6358;1645.82
1095;145;2024-09-02;875.03;2024-09-02;5.623;4920.29
1096;81;2024-09-05;23685.5;2024-09-05;5.6049;132754.86
1097;21;2024-09-08;1584.96;2024-09-06;5.5702;8828.54
1098;79;2024-09-13;11873.21;2024-09-13;5.5717;66153.96
1099;89;2024-09-13;14122.53;2024-09-13;5.5717;78686.5
1100;142;2024-09-16;149.71;2024-09-16;5.5207;826.5
1101;144;2024-09-17;402.54;2024-09-17;5.501;2214.37
1102;118;2024-09-20;787.87;2024-09-20;5.4775;4315.56
1103;5;2024-09-24;4327.37;2024-09-24;5.4702;23671.58
1104;15;2024-09-25;5097.71;2024-09-25;5.4736;27902.83
1105;103;2024-09-25;326.91;2024-09-25;5.4736;1789.37
1106;33;2024-10-04;1325.97;2024-10-04;5.4686;7251.2
1107;112;2024-10-06;406.44;2024-10-04;5.4686;2222.66
1108;73;2024-10-10;25649.93;2024-10-10;5.5819;143175.34
1109;59;2024-10-16;15361.57;2024-10-16;5.6749;87175.37
1110;25;2024-10-18;2139.99;2024-10-18;5.6672;12127.75
1111;150;2024-10-25;288.9;2024-10-25;5.6969;1645.83
1112;32;2024-11-01;2562.61;2024-11-01;5.8073;14881.85
1113;144;2024-11-03;444.87;2024-11-01;5.8073;2583.49
1114;49;2024-11-09;2352.61;2024-11-08;5.7648;13562.33
1115;69;2024-11-10;8046.11;2024-11-08;5.7648;46384.21
1116;37;2024-11-12;1006.02;2024-11-12;5.7694;5804.13
1117;93;2024-11-18;17444.83;2024-11-18;5.7603;100487.45
1118;105;2024-11-25;53.37;2024-11-25;5.8002;309.56
1119;57;2024-11-26;20486.78;2024-11-26;5.799;118802.84
1120;79;2024-11-27;11348.86;2024-11-27;5.8291;66153.64
1121;111;2024-12-03;860.37;2024-12-03;6.0707;5223.05
1122;48;2024-12-09;2605.99;2024-12-09;6.057;15784.48
1123;105;2024-12-11;53.66;2024-12-11;6.032;323.68
1124;41;2024-12-12;1784.45;2024-12-12;5.9408;10601.06
1125;122;2024-12-12;222.63;2024-12-12;5.9408;1322.6
1126;123;2024-12-16;458.99;2024-12-16;6.0509;2777.3
1127;77;2024-12-16;7388.71;2024-12-16;6.0509;44708.35
1128;98;2024-12-17;12866.8;2024-12-17;6.1685;79368.86
1129;101;2024-12-24;75.32;2024-12-24;6.1541;463.53
1130;24;2024-12-30;3752.15;2024-12-30;6.1923;23234.44
1131;77;2024-12-30;7220.1;2024-12-30;6.1923;44709.03
1132;70;2024-12-31;5548.63;2024-12-31;6.1923;34358.78
1133;77;2025-01-04;7836.74;2025-01-03;6.1563;48245.32
1134;10;2025-01-10;6021.02;2025-01-10;6.0965;36707.15
1135;65;2025-01-13;4184.78;2025-01-13;6.1079;25560.22
1136;79;2025-01-15;10956.73;2025-01-15;6.0377;66153.45
1137;99;2025-01-20;17732.37;2025-01-20;6.0498;107277.29
1138;41;2025-01-23;1784.72;2025-01-23;5.9399;10601.06
1139;74;2025-01-24;14691.11;2025-01-24;5.8925;86567.37
1140;79;2025-01-27;11161.01;2025-01-27;5.9272;66153.54
1141;15;2025-01-27;4707.55;2025-01-27;5.9272;27902.59
1142;143;2025-01-30;751.94;2025-01-30;5.9006;4436.9
1143;56;2025-01-31;7374.35;2025-01-31;5.8301;42993.2
1144;14;2025-02-09;6549.93;2025-02-07;5.7557;37699.43
1145;90;2025-02-09;14467.08;2025-02-07;5.7557;83268.17
1146;66;2025-02-14;2194.88;2025-02-14;5.7283;12572.93
1147;44;2025-02-19;1893.25;2025-02-19;5.7087;10808.0
1148;90;2025-02-20;13873.56;2025-02-20;5.7019;79105.65
1149;14;2025-02-24;6254.99;2025-02-24;5.7258;35814.82
1150;64;2025-02-26;19307.99;2025-02-26;5.7757;111517.16
1151;102;2025-02-26;144.07;2025-02-26;5.7757;832.11
1152;141;2025-02-27;821.3;2025-02-27;5.8228;4782.27
1153;8;2025-03-06;879.22;2025-03-06;5.7489;5054.55
1154;137;2025-03-10;632.89;2025-03-10;5.793;3666.33
1155;22;2025-03-17;6912.34;2025-03-17;5.7082;39457.02
1156;6;2025-03-19;2086.5;2025-03-19;5.6657;11821.48
1157;53;2025-03-20;9479.53;2025-03-20;5.6628;53680.68
1158;10;2025-03-21;5596.76;2025-03-21;5.7241;32036.41
1159;143;2025-04-08;805.06;2025-04-08;5.9368;4779.48
1160;127;2025-04-08;281.15;2025-04-08;5.9368;1669.13
1161;103;2025-04-08;324.68;2025-04-08;5.9368;1927.56
1162;26;2025-04-11;3210.1;2025-04-11;5.8737;18855.16
1163;18;2025-04-12;5018.78;2025-04-11;5.8737;29478.81
1164;22;2025-04-16;6709.44;2025-04-16;5.8808;39456.87
1165;113;2025-04-17;750.6;2025-04-17;5.8559;4395.44
1166;109;2025-04-23;109.49;2025-04-23;5.688;622.78
1167;60;2025-04-29;19261.28;2025-04-29;5.6467;108762.67
1168;123;2025-04-30;490.63;2025-04-30;5.6608;2777.36
1169;18;2025-05-02;4582.17;2025-05-02;5.6394;25840.69
1170;141;2025-05-03;825.76;2025-05-02;5.6394;4656.79
1171;2;2025-05-11;2602.27;2025-05-09;5.6511;14705.69
1172;81;2025-05-14;21775.68;2025-05-14;5.61;122161.56
1173;63;2025-05-15;24849.56;2025-05-15;5.6328;139972.6
1174;24;2025-05-16;4081.62;2025-05-16;5.6925;23234.62
1175;45;2025-05-19;1750.24;2025-05-19;5.6591;9904.78
1176;12;2025-05-20;481.54;2025-05-20;5.662;2726.48
1177;129;2025-05-20;576.93;2025-05-20;5.662;3266.58
1178;11;2025-05-20;6399.81;2025-05-20;5.662;36235.72
1179;138;2025-05-22;741.89;2025-05-22;5.639;4183.52
1180;27;2025-05-26;2916.55;2025-05-26;5.6619;16513.21
1181;112;2025-05-28;383.09;2025-05-28;5.6936;2181.16
1182;86;2025-05-30;16384.28;2025-05-30;5.7087;93532.94
1183;101;2025-06-06;82.84;2025-06-06;5.5947;463.46
1184;12;2025-06-20;496.11;2025-06-20;5.4957;2726.47
1185;37;2025-06-20;1104.2;2025-06-20;5.4957;6068.35
1186;94;2025-06-23;7381.46;2025-06-23;5.5213;40755.26
1187;140;2025-06-25;565.59;2025-06-25;5.5427;3134.9
1188;74;2025-06-26;15698.25;2025-06-26;5.5145;86568.0
1189;59;2025-07-01;14351.88;2025-07-01;5.4511;78233.53
1190;25;2025-07-01;1996.62;2025-07-01;5.4511;10883.78
1191;85;2025-07-01;6351.97;2025-07-01;5.4511;34625.22
1192;43;2025-07-10;6577.74;2025-07-10;5.5433;36462.39
1193;82;2025-07-11;9640.23;2025-07-11;5.5722;53717.29
1194;80;2025-07-11;24126.48;2025-07-11;5.5722;134437.57
1195;69;2025-07-15;8145.73;2025-07-15;5.5576;45270.71
1196;148;2025-07-21;860.42;2025-07-21;5.5625;4786.09
1197;86;2025-07-23;16841.61;2025-07-23;5.5537;93533.25
1198;22;2025-07-23;7104.66;2025-07-23;5.5537;39457.15
1199;77;2025-07-23;8050.4;2025-07-23;5.5537;44709.51
1200;5;2025-07-24;4285.3;2025-07-24;5.5239;23671.57
1201;31;2025-07-28;1482.54;2025-07-28;5.5877;8283.99
1202;58;2025-07-30;19423.25;2025-07-30;5.6034;108836.24
1203;90;2025-07-31;14120.74;2025-07-31;5.6021;79105.8
1204;124;2025-08-04;635.07;2025-08-04;5.5113;3500.06
1205;1;2025-08-04;5579.75;2025-08-04;5.5113;30751.68
1206;32;2025-08-05;2199.05;2025-08-05;5.5119;12120.94
1207;27;2025-08-07;3026.01;2025-08-07;5.4638;16533.51
1208;46;2025-08-07;913.36;2025-08-07;5.4638;4990.42
1209;93;2025-08-07;18414.19;2025-08-07;5.4638;100611.45
1210;117;2025-08-09;756.01;2025-08-08;5.4254;4101.66
1211;48;2025-08-09;2715.28;2025-08-08;5.4254;14731.48
1212;69;2025-08-13;8394.54;2025-08-13;5.3928;45270.08
1213;135;2025-08-14;304.04;2025-08-14;5.4095;1644.7
1214;16;2025-08-15;5564.7;2025-08-15;5.3928;30009.31
1215;7;2025-08-18;3604.64;2025-08-18;5.4155;19520.93
1216;112;2025-08-19;398.64;2025-08-19;5.4716;2181.2
1217;128;2025-08-19;850.07;2025-08-19;5.4716;4651.24
1218;25;2025-08-20;2216.09;2025-08-20;5.4726;12127.77
1219;44;2025-08-25;1995.06;2025-08-25;5.4174;10808.04
1220;21;2025-08-26;1611.19;2025-08-26;5.4218;8735.55
1221;28;2025-08-26;2630.15;2025-08-26;5.4218;14260.15
1222;32;2025-08-28;2310.61;2025-08-28;5.4115;12503.87
1223;32;2025-09-05;2212.63;2025-09-05;5.3968;11941.12
1224;143;2025-09-06;795.72;2025-09-05;5.3968;4294.34
1225;106;2025-09-17;827.26;2025-09-17;5.3011;4385.39
1226;143;2025-09-23;836.16;2025-09-23;5.3063;4436.92
1227;26;2025-09-23;3257.47;2025-09-23;5.3063;17285.11
1228;24;2025-09-23;4378.72;2025-09-23;5.3063;23234.8
1229;142;2025-09-24;155.62;2025-09-24;5.3112;826.53
1230;53;2025-09-26;10044.16;2025-09-26;5.3445;53681.01
1231;35;2025-09-30;2069.49;2025-09-30;5.3186;11006.79
1232;37;2025-10-01;995.38;2025-10-01;5.3208;5296.22
1233;16;2025-10-01;4922.32;2025-10-01;5.3208;26190.68
1234;4;2025-10-03;583.85;2025-10-03;5.3498;3123.48
1235;36;2025-10-07;4077.69;2025-10-07;5.3363;21759.78
1236;12;2025-10-07;491.85;2025-10-07;5.3363;2624.66
1237;95;2025-10-07;12594.59;2025-10-07;5.3363;67208.51
1238;129;2025-10-15;599.77;2025-10-15;5.4464;3266.59
1239;25;2025-10-15;2226.75;2025-10-15;5.4464;12127.77
1240;68;2025-10-20;12442.5;2025-10-20;5.3771;66904.57
1241;106;2025-10-29;820.98;2025-10-29;5.3416;4385.35
1242;72;2025-11-03;17083.12;2025-11-03;5.3505;91403.23
1243;142;2025-11-07;148.33;2025-11-07;5.3567;794.56
1244;29;2025-11-08;6703.2;2025-11-07;5.3567;35907.03
1245;47;2025-11-13;1159.34;2025-11-13;5.282;6123.63
1246;21;2025-11-13;1653.83;2025-11-13;5.282;8735.53
1247;76;2025-11-13;28060.41;2025-11-13;5.282;148215.09
1248;52;2025-11-14;2588.32;2025-11-14;5.2952;13705.67
1249;100;2025-11-18;19604.58;2025-11-18;5.3361;104612.0
1250;83;2025-11-19;25272.57;2025-11-19;5.3346;134819.05
1251;112;2025-11-24;404.31;2025-11-24;5.3948;2181.17
1252;79;2025-11-24;12262.59;2025-11-24;5.3948;66154.22
1253;58;2025-11-27;20347.13;2025-11-27;5.349;108836.8
1254;19;2025-12-02;2847.65;2025-12-02;5.3465;15224.96
1255;121;2025-12-02;640.2;2025-12-02;5.3465;3422.83
1256;73;2025-12-17;25987.97;2025-12-17;5.5093;143175.52
1257;132;2025-12-18;282.75;2025-12-18;5.5283;1563.13
1258;70;2025-12-29;6164.29;2025-12-29;5.5739;34359.14
1259;50;2025-12-29;2023.22;2025-12-29;5.5739;11277.23
1260;25;2025-12-31;2204.09;2025-12-31;5.5024;12127.78
